﻿Регистрационный номер типа средства измерений ;Дата результата поверки ;Срок действия ;Тип поверяемого средства ;Результат поверки ;Фамилия;Имя;Отчество
10135-15;05.02.2022;04.02.2024;МП3-УУ2;Пригодно;Иванов;Антон;Владимирович
10135-10;05.02.2022;04.02.2023;МП3-УУ2;Пригодно;Иванов;Антон;Владимирович
10135-15;05.02.2022;04.02.2024;МП3-УУ2;Пригодно;Иванов;Антон;Владимирович
10135-15;05.02.2022;04.02.2024;МП3-УУ2;Пригодно;Иванов;Антон;Владимирович
10135-10;05.02.2022;04.02.2023;МП4-У;Пригодно;Иванов;Антон;Владимирович
10135-15;05.02.2022;04.02.2024;МП4-УУ2;Пригодно;Иванов;Антон;Владимирович